"RMOJOBCENTER","BonjourlacommunautÃ©..[CitationÃ mÃ©diter]"
"NokElfensokar","mlleaducharmebonjour:"
"jp210951","PhilWoods33:Bonjourlestwittos:-"
"masculiste237","lewaboss:Bonjour,QuelestlerapportavecDieus.v.p.?"
"alloves_","bonjour"
"EpicureVsSalue","BonjourÃ tous!EncettejournÃ©epluvieusevenezvsrÃ©chaufferendÃ©gustantunthÃ©Ã laboutique!Nantesmiam"
"lucastamati","CEN'ESQU'UNDEBU..Bonjouratoutlemondemesamis-:coffeebreaklariachetira"
"Dazmateur","InFamouS_mayssa:BonjourÃ tous:OnrecrutetoujoursunefilledansnotreÃ©quipeInFamouSalorslesfillesmotivÃ©esn'hÃ©sitezpasÃ nâ€¦"
"TeniereDt","elisahk92:Bonjourgallet81127917enpassantunepensÃ©eparisienne"
"lisalaposte","Captain_WhoLockBonjour,pouvez-vousmecommuniquerlenÂ°dececolisainsiquevotrecodepostal?Lecontenuest-ildÃ©tÃ©riorÃ©?"
"Naya_GX","MonCacheCacheBonjourÃ voustoutesetÃ l'Ã©quipecachecache.JetentemachanceğŸ€,jecroiselesdoigts.MerciğŸ˜ƒğŸ˜‰ColorMePink"
"jeremypusceddu","nbaextra:Bonjour!Voussentezceparfum?endez-vouscesoir,20h30,surbeinsports_F1!NBAGlobalGamesMilanBostonâ€¦"
"louislegivre","BurnControllers:Bonjour,BonjourlesBurners!Enformeaujourd'hui?!âš¡"
"heyyitsnaomiee","BonjourğŸ‘‹"
"naanmgmg","bonjourï¼ï¼ï¼ï¼"
